key,sender,senderID,senderPlace,senderPlaceID,senderDate,addressee,addresseeID
1,J. R. R. Tolkien,http://viaf.org/viaf/95218067,Oxford,http://www.geonames.org/2640729,,Edith Tolkien,
2,J. R. R. Tolkien,http://viaf.org/viaf/95218067,,,1914-11-27,Edith Tolkien,
3,J. R. R. Tolkien,http://viaf.org/viaf/95218067,,,1915-11-26,Edith Tolkien,
4,J. R. R. Tolkien,http://viaf.org/viaf/95218067,,,1916-03-02,Edith Tolkien,
5,J. R. R. Tolkien,http://viaf.org/viaf/95218067,,,,,
6,J. R. R. Tolkien,http://viaf.org/viaf/95218067,,,,,
7,J. R. R. Tolkien,http://viaf.org/viaf/95218067,,,,,
8,J. R. R. Tolkien,http://viaf.org/viaf/95218067,,,,,
9,J. R. R. Tolkien,http://viaf.org/viaf/95218067,,,,,
10,J. R. R. Tolkien,http://viaf.org/viaf/95218067,,,,,
11,J. R. R. Tolkien,http://viaf.org/viaf/95218067,,,,,
12,J. R. R. Tolkien,http://viaf.org/viaf/95218067,,,,,
13,J. R. R. Tolkien,http://viaf.org/viaf/95218067,,,,,
14,J. R. R. Tolkien,http://viaf.org/viaf/95218067,,,,,
15,J. R. R. Tolkien,http://viaf.org/viaf/95218067,,,,,
16,J. R. R. Tolkien,http://viaf.org/viaf/95218067,,,,,
17,J. R. R. Tolkien,http://viaf.org/viaf/95218067,,,,,
18,J. R. R. Tolkien,http://viaf.org/viaf/95218067,,,,,
19,J. R. R. Tolkien,http://viaf.org/viaf/95218067,,,,,
20,J. R. R. Tolkien,http://viaf.org/viaf/95218067,,,,,
21,J. R. R. Tolkien,http://viaf.org/viaf/95218067,,,,,
22,J. R. R. Tolkien,http://viaf.org/viaf/95218067,,,,,
23,J. R. R. Tolkien,http://viaf.org/viaf/95218067,,,,,
24,J. R. R. Tolkien,http://viaf.org/viaf/95218067,,,,,
25,J. R. R. Tolkien,http://viaf.org/viaf/95218067,,,,,
26,J. R. R. Tolkien,http://viaf.org/viaf/95218067,,,,,
27,J. R. R. Tolkien,http://viaf.org/viaf/95218067,,,,,
28,J. R. R. Tolkien,http://viaf.org/viaf/95218067,,,,,
29,J. R. R. Tolkien,http://viaf.org/viaf/95218067,,,,,
30,J. R. R. Tolkien,http://viaf.org/viaf/95218067,,,,,
31,J. R. R. Tolkien,http://viaf.org/viaf/95218067,,,,,
32,J. R. R. Tolkien,http://viaf.org/viaf/95218067,,,,,
33,J. R. R. Tolkien,http://viaf.org/viaf/95218067,,,,,
34,J. R. R. Tolkien,http://viaf.org/viaf/95218067,,,,,
35,J. R. R. Tolkien,http://viaf.org/viaf/95218067,,,,,
36,J. R. R. Tolkien,http://viaf.org/viaf/95218067,,,,,
37,J. R. R. Tolkien,http://viaf.org/viaf/95218067,,,,,
38,J. R. R. Tolkien,http://viaf.org/viaf/95218067,,,,,
39,J. R. R. Tolkien,http://viaf.org/viaf/95218067,,,,,
40,J. R. R. Tolkien,http://viaf.org/viaf/95218067,,,,,
41,J. R. R. Tolkien,http://viaf.org/viaf/95218067,,,,,
42,J. R. R. Tolkien,http://viaf.org/viaf/95218067,,,,,
43,J. R. R. Tolkien,http://viaf.org/viaf/95218067,,,,,
44,J. R. R. Tolkien,http://viaf.org/viaf/95218067,,,,,
45,J. R. R. Tolkien,http://viaf.org/viaf/95218067,,,,,
46,J. R. R. Tolkien,http://viaf.org/viaf/95218067,,,,,
47,J. R. R. Tolkien,http://viaf.org/viaf/95218067,,,,,
48,J. R. R. Tolkien,http://viaf.org/viaf/95218067,,,,,
49,J. R. R. Tolkien,http://viaf.org/viaf/95218067,,,,,
50,J. R. R. Tolkien,http://viaf.org/viaf/95218067,,,,,
51,J. R. R. Tolkien,http://viaf.org/viaf/95218067,,,,,
52,J. R. R. Tolkien,http://viaf.org/viaf/95218067,,,,,
53,J. R. R. Tolkien,http://viaf.org/viaf/95218067,,,,,
54,J. R. R. Tolkien,http://viaf.org/viaf/95218067,,,,,
55,J. R. R. Tolkien,http://viaf.org/viaf/95218067,,,,,
56,J. R. R. Tolkien,http://viaf.org/viaf/95218067,,,,,
57,J. R. R. Tolkien,http://viaf.org/viaf/95218067,,,,,
58,J. R. R. Tolkien,http://viaf.org/viaf/95218067,,,,,
59,J. R. R. Tolkien,http://viaf.org/viaf/95218067,,,,,
60,J. R. R. Tolkien,http://viaf.org/viaf/95218067,,,,,
61,J. R. R. Tolkien,http://viaf.org/viaf/95218067,,,,,
62,J. R. R. Tolkien,http://viaf.org/viaf/95218067,,,,,
63,J. R. R. Tolkien,http://viaf.org/viaf/95218067,,,,,
64,J. R. R. Tolkien,http://viaf.org/viaf/95218067,,,,,
65,J. R. R. Tolkien,http://viaf.org/viaf/95218067,,,,,
66,J. R. R. Tolkien,http://viaf.org/viaf/95218067,,,,,
67,J. R. R. Tolkien,http://viaf.org/viaf/95218067,,,,,
68,J. R. R. Tolkien,http://viaf.org/viaf/95218067,,,,,
69,J. R. R. Tolkien,http://viaf.org/viaf/95218067,,,,,
70,J. R. R. Tolkien,http://viaf.org/viaf/95218067,,,,,
71,J. R. R. Tolkien,http://viaf.org/viaf/95218067,,,,,
72,J. R. R. Tolkien,http://viaf.org/viaf/95218067,,,,,
73,J. R. R. Tolkien,http://viaf.org/viaf/95218067,,,,,
74,J. R. R. Tolkien,http://viaf.org/viaf/95218067,,,,,
75,J. R. R. Tolkien,http://viaf.org/viaf/95218067,,,,,
76,J. R. R. Tolkien,http://viaf.org/viaf/95218067,,,,,
77,J. R. R. Tolkien,http://viaf.org/viaf/95218067,,,,,
78,J. R. R. Tolkien,http://viaf.org/viaf/95218067,,,,,
79,J. R. R. Tolkien,http://viaf.org/viaf/95218067,,,,,
80,J. R. R. Tolkien,http://viaf.org/viaf/95218067,,,,,
81,J. R. R. Tolkien,http://viaf.org/viaf/95218067,,,,,
82,J. R. R. Tolkien,http://viaf.org/viaf/95218067,,,,,
83,J. R. R. Tolkien,http://viaf.org/viaf/95218067,,,,,
84,J. R. R. Tolkien,http://viaf.org/viaf/95218067,,,,,
85,J. R. R. Tolkien,http://viaf.org/viaf/95218067,,,,,
86,J. R. R. Tolkien,http://viaf.org/viaf/95218067,,,,,
87,J. R. R. Tolkien,http://viaf.org/viaf/95218067,,,,,
88,J. R. R. Tolkien,http://viaf.org/viaf/95218067,,,,,
89,J. R. R. Tolkien,http://viaf.org/viaf/95218067,,,,,
90,J. R. R. Tolkien,http://viaf.org/viaf/95218067,,,,,
91,J. R. R. Tolkien,http://viaf.org/viaf/95218067,,,,,
92,J. R. R. Tolkien,http://viaf.org/viaf/95218067,,,,,
93,J. R. R. Tolkien,http://viaf.org/viaf/95218067,,,,,
94,J. R. R. Tolkien,http://viaf.org/viaf/95218067,,,,,
95,J. R. R. Tolkien,http://viaf.org/viaf/95218067,,,,,
96,J. R. R. Tolkien,http://viaf.org/viaf/95218067,,,,,
97,J. R. R. Tolkien,http://viaf.org/viaf/95218067,,,,,
98,J. R. R. Tolkien,http://viaf.org/viaf/95218067,,,,,
99,J. R. R. Tolkien,http://viaf.org/viaf/95218067,,,,,
100,J. R. R. Tolkien,http://viaf.org/viaf/95218067,,,,,
101,J. R. R. Tolkien,http://viaf.org/viaf/95218067,,,,,
102,J. R. R. Tolkien,http://viaf.org/viaf/95218067,,,,,
103,J. R. R. Tolkien,http://viaf.org/viaf/95218067,,,,,
104,J. R. R. Tolkien,http://viaf.org/viaf/95218067,,,,,
105,J. R. R. Tolkien,http://viaf.org/viaf/95218067,,,,,
106,J. R. R. Tolkien,http://viaf.org/viaf/95218067,,,,,
107,J. R. R. Tolkien,http://viaf.org/viaf/95218067,,,,,
108,J. R. R. Tolkien,http://viaf.org/viaf/95218067,,,,,
109,J. R. R. Tolkien,http://viaf.org/viaf/95218067,,,,,
110,J. R. R. Tolkien,http://viaf.org/viaf/95218067,,,,,
111,J. R. R. Tolkien,http://viaf.org/viaf/95218067,,,,,
112,J. R. R. Tolkien,http://viaf.org/viaf/95218067,,,,,
113,J. R. R. Tolkien,http://viaf.org/viaf/95218067,,,,,
114,J. R. R. Tolkien,http://viaf.org/viaf/95218067,,,,,
115,J. R. R. Tolkien,http://viaf.org/viaf/95218067,,,,,
116,J. R. R. Tolkien,http://viaf.org/viaf/95218067,,,,,
117,J. R. R. Tolkien,http://viaf.org/viaf/95218067,,,,,
118,J. R. R. Tolkien,http://viaf.org/viaf/95218067,,,,,
119,J. R. R. Tolkien,http://viaf.org/viaf/95218067,,,,,
120,J. R. R. Tolkien,http://viaf.org/viaf/95218067,,,,,
121,J. R. R. Tolkien,http://viaf.org/viaf/95218067,,,,,
122,J. R. R. Tolkien,http://viaf.org/viaf/95218067,,,,,
123,J. R. R. Tolkien,http://viaf.org/viaf/95218067,,,,,
124,J. R. R. Tolkien,http://viaf.org/viaf/95218067,,,,,
125,J. R. R. Tolkien,http://viaf.org/viaf/95218067,,,,,
126,J. R. R. Tolkien,http://viaf.org/viaf/95218067,,,,,
127,J. R. R. Tolkien,http://viaf.org/viaf/95218067,,,,,
128,J. R. R. Tolkien,http://viaf.org/viaf/95218067,,,,,
129,J. R. R. Tolkien,http://viaf.org/viaf/95218067,,,,,
130,J. R. R. Tolkien,http://viaf.org/viaf/95218067,,,,,
131,J. R. R. Tolkien,http://viaf.org/viaf/95218067,,,,,
132,J. R. R. Tolkien,http://viaf.org/viaf/95218067,,,,,
133,J. R. R. Tolkien,http://viaf.org/viaf/95218067,,,,,
134,J. R. R. Tolkien,http://viaf.org/viaf/95218067,,,,,
135,J. R. R. Tolkien,http://viaf.org/viaf/95218067,,,,,
136,J. R. R. Tolkien,http://viaf.org/viaf/95218067,,,,,
137,J. R. R. Tolkien,http://viaf.org/viaf/95218067,,,,,
138,J. R. R. Tolkien,http://viaf.org/viaf/95218067,,,,,
139,J. R. R. Tolkien,http://viaf.org/viaf/95218067,,,,,
140,J. R. R. Tolkien,http://viaf.org/viaf/95218067,,,,,
141,J. R. R. Tolkien,http://viaf.org/viaf/95218067,,,,,
142,J. R. R. Tolkien,http://viaf.org/viaf/95218067,,,,,
143,J. R. R. Tolkien,http://viaf.org/viaf/95218067,,,,,
144,J. R. R. Tolkien,http://viaf.org/viaf/95218067,,,,,
145,J. R. R. Tolkien,http://viaf.org/viaf/95218067,,,,,
146,J. R. R. Tolkien,http://viaf.org/viaf/95218067,,,,,
147,J. R. R. Tolkien,http://viaf.org/viaf/95218067,,,,,
148,J. R. R. Tolkien,http://viaf.org/viaf/95218067,,,,,
149,J. R. R. Tolkien,http://viaf.org/viaf/95218067,,,,,
150,J. R. R. Tolkien,http://viaf.org/viaf/95218067,,,,,
151,J. R. R. Tolkien,http://viaf.org/viaf/95218067,,,,,
152,J. R. R. Tolkien,http://viaf.org/viaf/95218067,,,,,
153,J. R. R. Tolkien,http://viaf.org/viaf/95218067,,,,,
154,J. R. R. Tolkien,http://viaf.org/viaf/95218067,,,,,
155,J. R. R. Tolkien,http://viaf.org/viaf/95218067,,,,,
156,J. R. R. Tolkien,http://viaf.org/viaf/95218067,,,,,
157,J. R. R. Tolkien,http://viaf.org/viaf/95218067,,,,,
158,J. R. R. Tolkien,http://viaf.org/viaf/95218067,,,,,
159,J. R. R. Tolkien,http://viaf.org/viaf/95218067,,,,,
160,J. R. R. Tolkien,http://viaf.org/viaf/95218067,,,,,
161,J. R. R. Tolkien,http://viaf.org/viaf/95218067,,,,,
162,J. R. R. Tolkien,http://viaf.org/viaf/95218067,,,,,
163,J. R. R. Tolkien,http://viaf.org/viaf/95218067,,,,,
164,J. R. R. Tolkien,http://viaf.org/viaf/95218067,,,,,
165,J. R. R. Tolkien,http://viaf.org/viaf/95218067,,,,,
166,J. R. R. Tolkien,http://viaf.org/viaf/95218067,,,,,
167,J. R. R. Tolkien,http://viaf.org/viaf/95218067,,,,,
168,J. R. R. Tolkien,http://viaf.org/viaf/95218067,,,,,
169,J. R. R. Tolkien,http://viaf.org/viaf/95218067,,,,,
170,J. R. R. Tolkien,http://viaf.org/viaf/95218067,,,,,
171,J. R. R. Tolkien,http://viaf.org/viaf/95218067,,,,,
172,J. R. R. Tolkien,http://viaf.org/viaf/95218067,,,,,
173,J. R. R. Tolkien,http://viaf.org/viaf/95218067,,,,,
174,J. R. R. Tolkien,http://viaf.org/viaf/95218067,,,,,
175,J. R. R. Tolkien,http://viaf.org/viaf/95218067,,,,,
176,J. R. R. Tolkien,http://viaf.org/viaf/95218067,,,,,
177,J. R. R. Tolkien,http://viaf.org/viaf/95218067,,,,,
178,J. R. R. Tolkien,http://viaf.org/viaf/95218067,,,,,
179,J. R. R. Tolkien,http://viaf.org/viaf/95218067,,,,,
180,J. R. R. Tolkien,http://viaf.org/viaf/95218067,,,,,
181,J. R. R. Tolkien,http://viaf.org/viaf/95218067,,,,,
182,J. R. R. Tolkien,http://viaf.org/viaf/95218067,,,,,
183,J. R. R. Tolkien,http://viaf.org/viaf/95218067,,,,,
184,J. R. R. Tolkien,http://viaf.org/viaf/95218067,,,,,
185,J. R. R. Tolkien,http://viaf.org/viaf/95218067,,,,,
186,J. R. R. Tolkien,http://viaf.org/viaf/95218067,,,,,
187,J. R. R. Tolkien,http://viaf.org/viaf/95218067,,,,,
188,J. R. R. Tolkien,http://viaf.org/viaf/95218067,,,,,
189,J. R. R. Tolkien,http://viaf.org/viaf/95218067,,,,,
190,J. R. R. Tolkien,http://viaf.org/viaf/95218067,,,,,
191,J. R. R. Tolkien,http://viaf.org/viaf/95218067,,,,,
192,J. R. R. Tolkien,http://viaf.org/viaf/95218067,,,,,
193,J. R. R. Tolkien,http://viaf.org/viaf/95218067,,,,,
194,J. R. R. Tolkien,http://viaf.org/viaf/95218067,,,,,
195,J. R. R. Tolkien,http://viaf.org/viaf/95218067,,,,,
196,J. R. R. Tolkien,http://viaf.org/viaf/95218067,,,,,
197,J. R. R. Tolkien,http://viaf.org/viaf/95218067,,,,,
198,J. R. R. Tolkien,http://viaf.org/viaf/95218067,,,,,
199,J. R. R. Tolkien,http://viaf.org/viaf/95218067,,,,,
200,J. R. R. Tolkien,http://viaf.org/viaf/95218067,,,,,
201,J. R. R. Tolkien,http://viaf.org/viaf/95218067,,,,,
202,J. R. R. Tolkien,http://viaf.org/viaf/95218067,,,,,
203,J. R. R. Tolkien,http://viaf.org/viaf/95218067,,,,,
204,J. R. R. Tolkien,http://viaf.org/viaf/95218067,,,,,
205,J. R. R. Tolkien,http://viaf.org/viaf/95218067,,,,,
206,J. R. R. Tolkien,http://viaf.org/viaf/95218067,,,,,
207,J. R. R. Tolkien,http://viaf.org/viaf/95218067,,,,,
208,J. R. R. Tolkien,http://viaf.org/viaf/95218067,,,,,
209,J. R. R. Tolkien,http://viaf.org/viaf/95218067,,,,,
210,J. R. R. Tolkien,http://viaf.org/viaf/95218067,,,,,
211,J. R. R. Tolkien,http://viaf.org/viaf/95218067,,,,,
212,J. R. R. Tolkien,http://viaf.org/viaf/95218067,,,,,
213,J. R. R. Tolkien,http://viaf.org/viaf/95218067,,,,,
214,J. R. R. Tolkien,http://viaf.org/viaf/95218067,,,,,
215,J. R. R. Tolkien,http://viaf.org/viaf/95218067,,,,,
216,J. R. R. Tolkien,http://viaf.org/viaf/95218067,,,,,
217,J. R. R. Tolkien,http://viaf.org/viaf/95218067,,,,,
218,J. R. R. Tolkien,http://viaf.org/viaf/95218067,,,,,
219,J. R. R. Tolkien,http://viaf.org/viaf/95218067,,,,,
220,J. R. R. Tolkien,http://viaf.org/viaf/95218067,,,,,
221,J. R. R. Tolkien,http://viaf.org/viaf/95218067,,,,,
222,J. R. R. Tolkien,http://viaf.org/viaf/95218067,,,,,
223,J. R. R. Tolkien,http://viaf.org/viaf/95218067,,,,,
224,J. R. R. Tolkien,http://viaf.org/viaf/95218067,,,,,
225,J. R. R. Tolkien,http://viaf.org/viaf/95218067,,,,,
226,J. R. R. Tolkien,http://viaf.org/viaf/95218067,,,,,
227,J. R. R. Tolkien,http://viaf.org/viaf/95218067,,,,,
228,J. R. R. Tolkien,http://viaf.org/viaf/95218067,,,,,
229,J. R. R. Tolkien,http://viaf.org/viaf/95218067,,,,,
230,J. R. R. Tolkien,http://viaf.org/viaf/95218067,,,,,
231,J. R. R. Tolkien,http://viaf.org/viaf/95218067,,,,,
232,J. R. R. Tolkien,http://viaf.org/viaf/95218067,,,,,
233,J. R. R. Tolkien,http://viaf.org/viaf/95218067,,,,,
234,J. R. R. Tolkien,http://viaf.org/viaf/95218067,,,,,
235,J. R. R. Tolkien,http://viaf.org/viaf/95218067,,,,,
236,J. R. R. Tolkien,http://viaf.org/viaf/95218067,,,,,
237,J. R. R. Tolkien,http://viaf.org/viaf/95218067,,,,,
238,J. R. R. Tolkien,http://viaf.org/viaf/95218067,,,,,
239,J. R. R. Tolkien,http://viaf.org/viaf/95218067,,,,,
240,J. R. R. Tolkien,http://viaf.org/viaf/95218067,,,,,
241,J. R. R. Tolkien,http://viaf.org/viaf/95218067,,,,,
242,J. R. R. Tolkien,http://viaf.org/viaf/95218067,,,,,
243,J. R. R. Tolkien,http://viaf.org/viaf/95218067,,,,,
244,J. R. R. Tolkien,http://viaf.org/viaf/95218067,,,,,
245,J. R. R. Tolkien,http://viaf.org/viaf/95218067,,,,,
246,J. R. R. Tolkien,http://viaf.org/viaf/95218067,,,,,
247,J. R. R. Tolkien,http://viaf.org/viaf/95218067,,,,,
248,J. R. R. Tolkien,http://viaf.org/viaf/95218067,,,,,
249,J. R. R. Tolkien,http://viaf.org/viaf/95218067,,,,,
250,J. R. R. Tolkien,http://viaf.org/viaf/95218067,,,,,
251,J. R. R. Tolkien,http://viaf.org/viaf/95218067,,,,,
252,J. R. R. Tolkien,http://viaf.org/viaf/95218067,,,,,
253,J. R. R. Tolkien,http://viaf.org/viaf/95218067,,,,,
254,J. R. R. Tolkien,http://viaf.org/viaf/95218067,,,,,
255,J. R. R. Tolkien,http://viaf.org/viaf/95218067,,,,,
256,J. R. R. Tolkien,http://viaf.org/viaf/95218067,,,,,
257,J. R. R. Tolkien,http://viaf.org/viaf/95218067,,,,,
258,J. R. R. Tolkien,http://viaf.org/viaf/95218067,,,,,
259,J. R. R. Tolkien,http://viaf.org/viaf/95218067,,,,,
260,J. R. R. Tolkien,http://viaf.org/viaf/95218067,,,,,
261,J. R. R. Tolkien,http://viaf.org/viaf/95218067,,,,,
262,J. R. R. Tolkien,http://viaf.org/viaf/95218067,,,,,
263,J. R. R. Tolkien,http://viaf.org/viaf/95218067,,,,,
264,J. R. R. Tolkien,http://viaf.org/viaf/95218067,,,,,
265,J. R. R. Tolkien,http://viaf.org/viaf/95218067,,,,,
266,J. R. R. Tolkien,http://viaf.org/viaf/95218067,,,,,
267,J. R. R. Tolkien,http://viaf.org/viaf/95218067,,,,,
268,J. R. R. Tolkien,http://viaf.org/viaf/95218067,,,,,
269,J. R. R. Tolkien,http://viaf.org/viaf/95218067,,,,,
270,J. R. R. Tolkien,http://viaf.org/viaf/95218067,,,,,
271,J. R. R. Tolkien,http://viaf.org/viaf/95218067,,,,,
272,J. R. R. Tolkien,http://viaf.org/viaf/95218067,,,,,
273,J. R. R. Tolkien,http://viaf.org/viaf/95218067,,,,,
274,J. R. R. Tolkien,http://viaf.org/viaf/95218067,,,,,
275,J. R. R. Tolkien,http://viaf.org/viaf/95218067,,,,,
276,J. R. R. Tolkien,http://viaf.org/viaf/95218067,,,,,
277,J. R. R. Tolkien,http://viaf.org/viaf/95218067,,,,,
278,J. R. R. Tolkien,http://viaf.org/viaf/95218067,,,,,
279,J. R. R. Tolkien,http://viaf.org/viaf/95218067,,,,,
280,J. R. R. Tolkien,http://viaf.org/viaf/95218067,,,,,
281,J. R. R. Tolkien,http://viaf.org/viaf/95218067,,,,,
282,J. R. R. Tolkien,http://viaf.org/viaf/95218067,,,,,
283,J. R. R. Tolkien,http://viaf.org/viaf/95218067,,,,,
284,J. R. R. Tolkien,http://viaf.org/viaf/95218067,,,,,
285,J. R. R. Tolkien,http://viaf.org/viaf/95218067,,,,,
286,J. R. R. Tolkien,http://viaf.org/viaf/95218067,,,,,
287,J. R. R. Tolkien,http://viaf.org/viaf/95218067,,,,,
288,J. R. R. Tolkien,http://viaf.org/viaf/95218067,,,,,
289,J. R. R. Tolkien,http://viaf.org/viaf/95218067,,,,,
290,J. R. R. Tolkien,http://viaf.org/viaf/95218067,,,,,
291,J. R. R. Tolkien,http://viaf.org/viaf/95218067,,,,,
292,J. R. R. Tolkien,http://viaf.org/viaf/95218067,,,,,
293,J. R. R. Tolkien,http://viaf.org/viaf/95218067,,,,,
294,J. R. R. Tolkien,http://viaf.org/viaf/95218067,,,,,
295,J. R. R. Tolkien,http://viaf.org/viaf/95218067,,,,,
296,J. R. R. Tolkien,http://viaf.org/viaf/95218067,,,,,
297,J. R. R. Tolkien,http://viaf.org/viaf/95218067,,,,,
298,J. R. R. Tolkien,http://viaf.org/viaf/95218067,,,,,
299,J. R. R. Tolkien,http://viaf.org/viaf/95218067,,,,,
300,J. R. R. Tolkien,http://viaf.org/viaf/95218067,,,,,
301,J. R. R. Tolkien,http://viaf.org/viaf/95218067,,,,,
302,J. R. R. Tolkien,http://viaf.org/viaf/95218067,,,,,
303,J. R. R. Tolkien,http://viaf.org/viaf/95218067,,,,,
304,J. R. R. Tolkien,http://viaf.org/viaf/95218067,,,,,
305,J. R. R. Tolkien,http://viaf.org/viaf/95218067,,,,,
306,J. R. R. Tolkien,http://viaf.org/viaf/95218067,,,,,
307,J. R. R. Tolkien,http://viaf.org/viaf/95218067,,,,,
308,J. R. R. Tolkien,http://viaf.org/viaf/95218067,,,,,
309,J. R. R. Tolkien,http://viaf.org/viaf/95218067,,,,,
310,J. R. R. Tolkien,http://viaf.org/viaf/95218067,,,,,
311,J. R. R. Tolkien,http://viaf.org/viaf/95218067,,,,,
312,J. R. R. Tolkien,http://viaf.org/viaf/95218067,,,,,
313,J. R. R. Tolkien,http://viaf.org/viaf/95218067,,,,,
314,J. R. R. Tolkien,http://viaf.org/viaf/95218067,,,,,
315,J. R. R. Tolkien,http://viaf.org/viaf/95218067,,,,,
316,J. R. R. Tolkien,http://viaf.org/viaf/95218067,,,,,
317,J. R. R. Tolkien,http://viaf.org/viaf/95218067,,,,,
318,J. R. R. Tolkien,http://viaf.org/viaf/95218067,,,,,
319,J. R. R. Tolkien,http://viaf.org/viaf/95218067,,,,,
320,J. R. R. Tolkien,http://viaf.org/viaf/95218067,,,,,
321,J. R. R. Tolkien,http://viaf.org/viaf/95218067,,,,,
322,J. R. R. Tolkien,http://viaf.org/viaf/95218067,,,,,
323,J. R. R. Tolkien,http://viaf.org/viaf/95218067,,,,,
324,J. R. R. Tolkien,http://viaf.org/viaf/95218067,,,,,
325,J. R. R. Tolkien,http://viaf.org/viaf/95218067,,,,,
326,J. R. R. Tolkien,http://viaf.org/viaf/95218067,,,,,
327,J. R. R. Tolkien,http://viaf.org/viaf/95218067,,,,,
328,J. R. R. Tolkien,http://viaf.org/viaf/95218067,,,,,
329,J. R. R. Tolkien,http://viaf.org/viaf/95218067,,,,,
330,J. R. R. Tolkien,http://viaf.org/viaf/95218067,,,,,
331,J. R. R. Tolkien,http://viaf.org/viaf/95218067,,,,,
332,J. R. R. Tolkien,http://viaf.org/viaf/95218067,,,,,
333,J. R. R. Tolkien,http://viaf.org/viaf/95218067,,,,,
334,J. R. R. Tolkien,http://viaf.org/viaf/95218067,,,,,
335,J. R. R. Tolkien,http://viaf.org/viaf/95218067,,,,,
336,J. R. R. Tolkien,http://viaf.org/viaf/95218067,,,,,
337,J. R. R. Tolkien,http://viaf.org/viaf/95218067,,,,,
338,J. R. R. Tolkien,http://viaf.org/viaf/95218067,,,,,
339,J. R. R. Tolkien,http://viaf.org/viaf/95218067,,,,,
340,J. R. R. Tolkien,http://viaf.org/viaf/95218067,,,,,
341,J. R. R. Tolkien,http://viaf.org/viaf/95218067,,,,,
342,J. R. R. Tolkien,http://viaf.org/viaf/95218067,,,,,
343,J. R. R. Tolkien,http://viaf.org/viaf/95218067,,,,,
344,J. R. R. Tolkien,http://viaf.org/viaf/95218067,,,,,
345,J. R. R. Tolkien,http://viaf.org/viaf/95218067,,,,,
346,J. R. R. Tolkien,http://viaf.org/viaf/95218067,,,,,
347,J. R. R. Tolkien,http://viaf.org/viaf/95218067,,,,,
348,J. R. R. Tolkien,http://viaf.org/viaf/95218067,,,,,
349,J. R. R. Tolkien,http://viaf.org/viaf/95218067,,,,,
350,J. R. R. Tolkien,http://viaf.org/viaf/95218067,,,,,
351,J. R. R. Tolkien,http://viaf.org/viaf/95218067,,,,,
352,J. R. R. Tolkien,http://viaf.org/viaf/95218067,,,,,
353,J. R. R. Tolkien,http://viaf.org/viaf/95218067,,,,,
354,J. R. R. Tolkien,http://viaf.org/viaf/95218067,Bournemouth,http://www.geonames.org/2655095,1973-08-29,Priscilla Tolkien,http://viaf.org/viaf/12170909
